Workbook

Sheet Bone Source - Tasks
A1: Duration | B1: duration (hours) | C1: Bone Reward | D1: collections per day (continuous play) | E1: Bones per day (continuous play) | F1: % of max | H1: Collections per session per ghost | I1: collections per day per ghost (six-session cycle) | J1: Bones per day per ghost (six-session) | K1: Total Bones per day
A2: 300 | B2: =A2/3600 -> 0.083333333 | C2: 1 | D2: =ROUNDDOWN(IF(A2=86400,1,57600/A2),0) -> 192 | E2: =D2*C2 -> 192 | F2: =E2/$E$2 -> 1 | H2: 2 | I2: =IF(D2>6,6,D2)*H2 -> 12 | J2: =I2*C2 -> 12 | K2: =J2*6 -> 72
A3: 7200 | B3: =A3/3600 -> 2 | C3: 55 | D3: =ROUNDDOWN(IF(A3=86400,1,57600/A3),0) -> 8 | E3: =D3*C3 -> 440 | F3: =E3/$E$2 -> 2.2916667 | G3: =F2-F3 -> -1.2916667 | H3: 1 | I3: =IF(D3>6,6,D3)*H3 -> 6 | J3: =I3*C3 -> 330 | K3: =J3*6 -> 1980
A4: 14400 | B4: =A4/3600 -> 4 | C4: 70 | D4: =ROUNDDOWN(IF(A4=86400,1,57600/A4),0) -> 4 | E4: =D4*C4 -> 280 | F4: =E4/$E$2 -> 1.4583333 | G4: =F3-F4 -> 0.83333333 | H4: 1 | I4: =IF(D4>6,6,D4)*H4 -> 4 | J4: =I4*C4 -> 280 | K4: =J4*6 -> 1680
A5: 86400 | B5: =A5/3600 -> 24 | C5: 225 | D5: =ROUNDDOWN(IF(A5=86400,1,57600/A5),0) -> 1 | E5: =D5*C5 -> 225 | F5: =E5/$E$2 -> 1.171875 | G5: =F4-F5 -> 0.28645833 | H5: 1 | I5: =IF(D5>6,6,D5)*H5 -> 1 | J5: =I5*C5 -> 225 | K5: =J5*6 -> 1350
A7: =B7*3600 -> 299.99988 | B7: 0.0833333 | C7: =ROUND(E7/D7,0) -> 1 | D7: =ROUNDDOWN(IF(A7=86400,1,57600/A7),0) -> 192 | E7: 192 | F7: 1
A8: =B8*3600 -> 7200 | B8: 2 | C8: =ROUND(E8/D8,0) -> 22 | D8: =ROUNDDOWN(IF(A8=86400,1,57600/A8),0) -> 8 | E8: =F8*$E$7 -> 172.8 | F8: =F7-G8 -> 0.9 | G8: 0.1
A9: =B9*3600 -> 14400 | B9: 4 | C9: =ROUND(E9/D9,0) -> 38 | D9: =ROUNDDOWN(IF(A9=86400,1,57600/A9),0) -> 4 | E9: =F9*$E$7 -> 153.6 | F9: =F8-G9 -> 0.8 | G9: 0.1
A10: =B10*3600 -> 86400 | B10: 24 | C10: =ROUND(E10/D10,0) -> 134 | D10: =ROUNDDOWN(IF(A10=86400,1,57600/A10),0) -> 1 | E10: =F10*$E$7 -> 134.4 | F10: =F9-G10 -> 0.7 | G10: 0.1

Sheet Bone Source - Recipes
A1: s:Recipe Name | B1: f:Set 1 Reward Odds 1 | C1: f:Set 1 Reward Odds 2 | D1: f:Set 1 Reward Odds 3 | E1: f:Set 1 Reward Odds 4 | F1: f:Set 1 Reward Odds 5 | G1: i:Set 1 Reward Amount 1 | H1: i:Set 1 Reward Amount 2 | I1: i:Set 1 Reward Amount 3 | J1: i:Set 1 Reward Amount 4 | K1: i:Set 1 Reward Amount 5 | L1: calculated average bone reward | M1: proposed Average Bone reward | P1: Collections per day (continuous play) | Q1: Bones per day (continuous play) | R1: Collections per session | S1: Collections per day (six sessions) | T1: Bones per day (six sessions) | U1: Total Bones per day
A3: !!INGREDIENT_DRIFTWOOD | B3: 0.1 | C3: 0.25 | D3: 0.3 | E3: 0.25 | F3: 0.1 | G3: 1 | H3: 1 | I3: 1 | J3: 1 | K3: 1 | L3: =ROUND(B3*G3+C3*H3+D3*I3+E3*J3+F3*K3,0) -> 1 | M3: 1 | N3: =VLOOKUP(A3,'Gold Sink - Recipe Cost'!$A:$F,6,0) -> 300 | O3: =N3/3600 -> 0.083333333 | P3: =ROUNDDOWN(86400/N3,0) -> 288 | Q3: =P3*M3 -> 288 | R3: 2 | S3: =IF(P3>6,6,P3)*R3 -> 12 | T3: =M3*S3 -> 12 | U3: =T3*6 -> 72
A4: !!FOOD_RUSTYS_RIBEYE_SANDWICH | B4: 0.1 | C4: 0.25 | D4: 0.3 | E4: 0.25 | F4: 0.1 | G4: 20 | H4: 25 | I4: 30 | J4: 35 | K4: 40 | L4: =ROUND(B4*G4+C4*H4+D4*I4+E4*J4+F4*K4,0) -> 30 | M4: 30 | N4: =VLOOKUP(A4,'Gold Sink - Recipe Cost'!$A:$F,6,0) -> 3600 | O4: =N4/3600 -> 1 | P4: =ROUNDDOWN(86400/N4,0) -> 24 | Q4: =P4*M4 -> 720 | R4: 1 | S4: =IF(P4>6,6,P4)*R4 -> 6 | T4: =M4*S4 -> 180 | U4: =T4*6 -> 1080
A5: !!FOOD_RUSTYS_RUSTY_ON_RYE | B5: 0.1 | C5: 0.25 | D5: 0.3 | E5: 0.25 | F5: 0.1 | G5: 20 | H5: 25 | I5: 30 | J5: 35 | K5: 40 | L5: =ROUND(B5*G5+C5*H5+D5*I5+E5*J5+F5*K5,0) -> 30 | M5: 30 | N5: =VLOOKUP(A5,'Gold Sink - Recipe Cost'!$A:$F,6,0) -> 3600 | O5: =N5/3600 -> 1 | P5: =ROUNDDOWN(86400/N5,0) -> 24 | Q5: =P5*M5 -> 720 | R5: 1 | S5: =IF(P5>6,6,P5)*R5 -> 6 | T5: =M5*S5 -> 180 | U5: =T5*6 -> 1080
A6: !!FOOD_RUSTYS_BARK_CHOP_SANDWICH | B6: 0.1 | C6: 0.25 | D6: 0.3 | E6: 0.25 | F6: 0.1 | G6: 40 | H6: 50 | I6: 55 | J6: 60 | K6: 70 | L6: =ROUND(B6*G6+C6*H6+D6*I6+E6*J6+F6*K6,0) -> 55 | M6: 55 | N6: =VLOOKUP(A6,'Gold Sink - Recipe Cost'!$A:$F,6,0) -> 7200 | O6: =N6/3600 -> 2 | P6: =ROUNDDOWN(86400/N6,0) -> 12 | Q6: =P6*M6 -> 660 | R6: 1 | S6: =IF(P6>6,6,P6)*R6 -> 6 | T6: =M6*S6 -> 330 | U6: =T6*6 -> 1980
A7: !!FOOD_RUSTYS_MESQUITE_RIBS | B7: 0.1 | C7: 0.25 | D7: 0.3 | E7: 0.25 | F7: 0.1 | G7: 55 | H7: 65 | I7: 70 | J7: 75 | K7: 85 | L7: =ROUND(B7*G7+C7*H7+D7*I7+E7*J7+F7*K7,0) -> 70 | M7: 70 | N7: =VLOOKUP(A7,'Gold Sink - Recipe Cost'!$A:$F,6,0) -> 14400 | O7: =N7/3600 -> 4 | P7: =ROUNDDOWN(86400/N7,0) -> 6 | Q7: =P7*M7 -> 420 | R7: 1 | S7: =IF(P7>6,6,P7)*R7 -> 6 | T7: =M7*S7 -> 420 | U7: =T7*6 -> 2520
A8: !!FOOD_RUSTYS_BARKING_BRISKET | B8: 0.1 | C8: 0.25 | D8: 0.3 | E8: 0.25 | F8: 0.1 | G8: 70 | H8: 80 | I8: 85 | J8: 90 | K8: 100 | L8: =ROUND(B8*G8+C8*H8+D8*I8+E8*J8+F8*K8,0) -> 85 | M8: 85 | N8: =VLOOKUP(A8,'Gold Sink - Recipe Cost'!$A:$F,6,0) -> 21600 | O8: =N8/3600 -> 6 | P8: =ROUNDDOWN(86400/N8,0) -> 4 | Q8: =P8*M8 -> 340 | R8: 1 | S8: =IF(P8>6,6,P8)*R8 -> 4 | T8: =M8*S8 -> 340 | U8: =T8*6 -> 2040
A9: !!FOOD_RUSTYS_SPLINTERED_SLAW | B9: 0.1 | C9: 0.25 | D9: 0.3 | E9: 0.25 | F9: 0.1 | G9: 80 | H9: 95 | I9: 100 | J9: 105 | K9: 120 | L9: =ROUND(B9*G9+C9*H9+D9*I9+E9*J9+F9*K9,0) -> 100 | M9: 100 | N9: =VLOOKUP(A9,'Gold Sink - Recipe Cost'!$A:$F,6,0) -> 28800 | O9: =N9/3600 -> 8 | P9: =ROUNDDOWN(86400/N9,0) -> 3 | Q9: =P9*M9 -> 300 | R9: 1 | S9: =IF(P9>6,6,P9)*R9 -> 3 | T9: =M9*S9 -> 300 | U9: =T9*6 -> 1800
A10: !!FOOD_RUSTYS_PULLED_PULP_SANDWICH | B10: 0.1 | C10: 0.25 | D10: 0.3 | E10: 0.25 | F10: 0.1 | G10: 100 | H10: 120 | I10: 125 | J10: 130 | K10: 150 | L10: =ROUND(B10*G10+C10*H10+D10*I10+E10*J10+F10*K10,0) -> 125 | M10: 125 | N10: =VLOOKUP(A10,'Gold Sink - Recipe Cost'!$A:$F,6,0) -> 43200 | O10: =N10/3600 -> 12 | P10: =ROUNDDOWN(86400/N10,0) -> 2 | Q10: =P10*M10 -> 250 | R10: 1 | S10: =IF(P10>6,6,P10)*R10 -> 2 | T10: =M10*S10 -> 250 | U10: =T10*6 -> 1500
A11: !!FOOD_EYEBALLS | B11: 0.1 | C11: 0.25 | D11: 0.3 | E11: 0.25 | F11: 0.1 | G11: 180 | H11: 215 | I11: 225 | J11: 235 | K11: 270 | L11: =ROUND(B11*G11+C11*H11+D11*I11+E11*J11+F11*K11,0) -> 225 | M11: 225 | N11: =VLOOKUP(A11,'Gold Sink - Recipe Cost'!$A:$F,6,0) -> 86400 | O11: =N11/3600 -> 24 | P11: =ROUNDDOWN(86400/N11,0) -> 1 | Q11: =P11*M11 -> 225 | R11: 1 | S11: =IF(P11>6,6,P11)*R11 -> 1 | T11: =M11*S11 -> 225 | U11: =T11*6 -> 1350
G15: =I15*0.8 -> 24 | H15: =I15*0.95 -> 28.5 | I15: =M5 -> 30 | J15: =I15*1.05 -> 31.5 | K15: =I15*1.2 -> 36
G16: =I16*0.8 -> 44 | H16: =I16*0.95 -> 52.25 | I16: =M6 -> 55 | J16: =I16*1.05 -> 57.75 | K16: =I16*1.2 -> 66
G17: =I17*0.8 -> 56 | H17: =I17*0.95 -> 66.5 | I17: =M7 -> 70 | J17: =I17*1.05 -> 73.5 | K17: =I17*1.2 -> 84
G18: =I18*0.8 -> 68 | H18: =I18*0.95 -> 80.75 | I18: =M8 -> 85 | J18: =I18*1.05 -> 89.25 | K18: =I18*1.2 -> 102
G19: =I19*0.8 -> 80 | H19: =I19*0.95 -> 95 | I19: =M9 -> 100 | J19: =I19*1.05 -> 105 | K19: =I19*1.2 -> 120
G20: =I20*0.8 -> 100 | H20: =I20*0.95 -> 118.75 | I20: =M10 -> 125 | J20: =I20*1.05 -> 131.25 | K20: =I20*1.2 -> 150
G21: =I21*0.8 -> 180 | H21: =I21*0.95 -> 213.75 | I21: =M11 -> 225 | J21: =I21*1.05 -> 236.25 | K21: =I21*1.2 -> 270

Sheet Driftwood Source - Treasure
A1: i:DID | B1: i:Clearing Reward 1 Amount 1 | C1: i:Clearing Reward 1 Amount 2 | D1: i:Clearing Reward 1 Amount 3 | E1: i:Clearing Reward 1 Amount 4 | F1: i:Clearing Reward 1 Amount 5 | G1: f:Clearing Reward 1 Odds 1 | H1: f:Clearing Reward 1 Odds 2 | I1: f:Clearing Reward 1 Odds 3 | J1: f:Clearing Reward 1 Odds 4 | K1: f:Clearing Reward 1 Odds 5 | M1: number of driftwood chests to spawn | N1: Min time | O1: Max time | P1: Average spawn time | Q1: Spawns per day (continuous) | R1: Calculated drifwood per day (continuous) | S1: Calculated drifwood per day (six session) | T1: Target Driftwood Per day | U1: Collections per day | V1: Average driftwood per recipe | W1: Number of characters
A2: 26666 | B2: 1 | C2: 2 | D2: 3 | E2: 4 | F2: 5 | G2: 0.1 | H2: 0.25 | I2: 0.3 | J2: 0.25 | K2: 0.1 | L2: =B2*G2+C2*H2+D2*I2+E2*J2+F2*K2 -> 3 | M2: 4 | N2: =N3*3600 -> 5400 | O2: =O3*3600 -> 9000 | P2: =AVERAGE(N2:O2) -> 7200 | Q2: =86400/P2 -> 12 | R2: =L2*M2*Q2 -> 144 | S2: =L2*M2*U2 -> 72 | T2: =U2*V2*W2 -> 63 | U2: 6 | V2: =AVERAGE('Gold Sink - Recipe Cost'!N3:N10) -> 1.75 | W2: 6
N3: 1.5 | O3: 2.5

Sheet Bone Sink - Decos
A1: s:Item Name | B1: i:Item DID | C1: i:Cost Special Amount | D1: Bones per day | E1: =CONCATENATE("Total day = ",SUM(E3:E16)) -> Total day = 31
A3: !!BLDG_NAME_BLACK_PUMPKIN | B3: 20603 | C3: 600 | D3: =MAX('Bone Source - Tasks'!$K$2:$K$5)+MAX('Bone Source - Recipes'!$U$3:$U$11) -> 4500 | E3: 0.15 | F3: =E3*D3 -> 675
A4: !!BLDG_NAME_BLACK_CAT | B4: 20043 | C4: 2000 | D4: =MAX('Bone Source - Tasks'!$K$2:$K$5)+MAX('Bone Source - Recipes'!$U$3:$U$11) -> 4500 | E4: 0.5 | F4: =E4*D4 -> 2250
A5: !!BLDG_NAME_GRAVE_STONE1 | B5: 20047 | C5: 3000 | D5: =MAX('Bone Source - Tasks'!$K$2:$K$5)+MAX('Bone Source - Recipes'!$U$3:$U$11) -> 4500 | E5: 0.75 | F5: =E5*D5 -> 3375
A6: !!BLDG_NAME_GRAVE_STONE2 | B6: 20048 | C6: 3200 | D6: =MAX('Bone Source - Tasks'!$K$2:$K$5)+MAX('Bone Source - Recipes'!$U$3:$U$11) -> 4500 | E6: 0.75 | F6: =E6*D6 -> 3375
A7: !!BLDG_NAME_GRAVE_STONE3 | B7: 20049 | C7: 3500 | D7: =MAX('Bone Source - Tasks'!$K$2:$K$5)+MAX('Bone Source - Recipes'!$U$3:$U$11) -> 4500 | E7: 0.85 | F7: =E7*D7 -> 3825
A8: !!BLDG_NAME_PUMPKIN_PATCH | B8: 20051 | C8: 4000 | D8: =MAX('Bone Source - Tasks'!$K$2:$K$5)+MAX('Bone Source - Recipes'!$U$3:$U$11) -> 4500 | E8: 1 | F8: =E8*D8 -> 4500
A9: !!BLDG_NAME_GAS_LAMP | B9: 20062 | C9: 4100 | D9: =MAX('Bone Source - Tasks'!$K$2:$K$5)+MAX('Bone Source - Recipes'!$U$3:$U$11) -> 4500 | E9: 1 | F9: =E9*D9 -> 4500
A10: !!BLDG_NAME_COFFIN2 | B10: 20053 | C10: 8200 | D10: =MAX('Bone Source - Tasks'!$K$2:$K$5)+MAX('Bone Source - Recipes'!$U$3:$U$11) -> 4500 | E10: 2 | F10: =E10*D10 -> 9000
A11: !!BLDG_NAME_COFFIN3 | B11: 20054 | C11: 8300 | D11: =MAX('Bone Source - Tasks'!$K$2:$K$5)+MAX('Bone Source - Recipes'!$U$3:$U$11) -> 4500 | E11: 2 | F11: =E11*D11 -> 9000
A12: !!BLDG_NAME_SCARY_TREE2 | B12: 20057 | C12: 12300 | D12: =MAX('Bone Source - Tasks'!$K$2:$K$5)+MAX('Bone Source - Recipes'!$U$3:$U$11) -> 4500 | E12: 3 | F12: =E12*D12 -> 13500
A13: !!BLDG_NAME_BROKE_BOAT | B13: 20044 | C13: 12500 | D13: =MAX('Bone Source - Tasks'!$K$2:$K$5)+MAX('Bone Source - Recipes'!$U$3:$U$11) -> 4500 | E13: 3 | F13: =E13*D13 -> 13500
A14: !!BLDG_NAME_JACK_O_LANTERN | B14: 20046 | C14: 16600 | D14: =MAX('Bone Source - Tasks'!$K$2:$K$5)+MAX('Bone Source - Recipes'!$U$3:$U$11) -> 4500 | E14: 4 | F14: =E14*D14 -> 18000
... A16: !!BLDG_NAME_SUNKEN_SHIP | B16: 20064 | C16: 29000 | D16: =MAX('Bone Source - Tasks'!$K$2:$K$5)+MAX('Bone Source - Recipes'!$U$3:$U$11) -> 4500 | E16: 7 | F16: =E16*D16 -> 31500
C17: =SUM(C3:C16) -> 128000 | F17: =SUM(F3:F16) -> 139500

Sheet Gold Sink - Recipe Cost
A1: s:Name | B1: i:Product ID | C1: drop rate | E1: i:Craft Time | F1: Fullness Time | G1: Total Gold Cost of Recipe | H1: i:Ingredient ID 1 | I1: i:Ingredient ID 2 | J1: i:Ingredient ID 3 | K1: i:Ingredient ID 4 | L1: i:Ingredient ID 5 | M1: i:Ingredient ID 6 | N1: i:Ingredient Amount 1 | O1: i:Ingredient Amount 2 | P1: i:Ingredient Amount 3 | Q1: i:Ingredient Amount 4 | R1: i:Ingredient Amount 5 | S1: i:Ingredient Amount 6 | T1: Cost per Ingredient Type 1 | U1: Cost per Ingredient Type 2 | V1: Cost per Ingredient Type 3 | W1: Cost per Ingredient Type 4 | X1: Cost per Ingredient Type 5 | Y1: Cost per Ingredient Type 6 | Z1: Cost per Ingredient * Ingredient Amount 1 | AA1: Cost per Ingredient * Ingredient Amount 2 | AB1: Cost per Ingredient * Ingredient Amount 3 | AC1: Cost per Ingredient * Ingredient Amount 4 | AD1: Cost per Ingredient * Ingredient Amount 5 | AE1: Cost per Ingredient * Ingredient Amount 6
A2: !!FOOD_RUSTYS_SPICY_SPACKLE_SAUCE | B2: 9017 | C2: 0 | D2: 0.16666667 | E2: =D2*3600 -> 600 | F2: 0 | G2: =SUM(Z2:AE2) -> 20 | H2: 9002 | I2: 9010 | J2: 0 | K2: 0 | L2: 0 | M2: 0 | N2: 1 | O2: 1 | P2: 0 | Q2: 0 | R2: 0 | S2: 0 | T2: =VLOOKUP(H2,'Gold Sink - Ingredient Cost'!$A:$N,13,0) -> 12 | U2: =VLOOKUP(I2,'Gold Sink - Ingredient Cost'!$A:$N,13,0) -> 8 | V2: =VLOOKUP(J2,'Gold Sink - Ingredient Cost'!$A:$N,13,0) -> 0 | W2: =VLOOKUP(K2,'Gold Sink - Ingredient Cost'!$A:$N,13,0) -> 0 | X2: =VLOOKUP(L2,'Gold Sink - Ingredient Cost'!$A:$N,13,0) -> 0 | Y2: =VLOOKUP(M2,'Gold Sink - Ingredient Cost'!$A:$N,13,0) -> 0 | Z2: =T2*N2 -> 12 | AA2: =U2*O2 -> 8 | AB2: =V2*P2 -> 0 | AC2: =W2*Q2 -> 0 | AD2: =X2*R2 -> 0 | AE2: =Y2*S2 -> 0
A3: !!INGREDIENT_DRIFTWOOD | B3: 9004 | C3: 0 | D3: 0 | E3: =D3*3600 -> 0 | F3: 300 | G3: =SUM(Z3:AE3) -> 50 | H3: 9004 | I3: 0 | J3: 0 | K3: 0 | L3: 0 | M3: 0 | N3: 1 | O3: 0 | P3: 0 | Q3: 0 | R3: 0 | S3: 0 | T3: =VLOOKUP(H3,'Gold Sink - Ingredient Cost'!$A:$N,13,0) -> 50 | U3: =VLOOKUP(I3,'Gold Sink - Ingredient Cost'!$A:$N,13,0) -> 0 | V3: =VLOOKUP(J3,'Gold Sink - Ingredient Cost'!$A:$N,13,0) -> 0 | W3: =VLOOKUP(K3,'Gold Sink - Ingredient Cost'!$A:$N,13,0) -> 0 | X3: =VLOOKUP(L3,'Gold Sink - Ingredient Cost'!$A:$N,13,0) -> 0 | Y3: =VLOOKUP(M3,'Gold Sink - Ingredient Cost'!$A:$N,13,0) -> 0 | Z3: =T3*N3 -> 50 | AA3: =U3*O3 -> 0 | AB3: =V3*P3 -> 0 | AC3: =W3*Q3 -> 0 | AD3: =X3*R3 -> 0 | AE3: =Y3*S3 -> 0
A4: !!FOOD_RUSTYS_RIBEYE_SANDWICH | B4: 9019 | C4: 0.08 | D4: 1 | E4: =D4*3600 -> 3600 | F4: =E4 -> 3600 | G4: =SUM(Z4:AE4) -> 188 | H4: 9004 | I4: 8 | J4: 9014 | K4: 0 | L4: 0 | M4: 0 | N4: 1 | O4: 4 | P4: 1 | Q4: 0 | R4: 0 | S4: 0 | T4: =VLOOKUP(H4,'Gold Sink - Ingredient Cost'!$A:$N,13,0) -> 50 | U4: =VLOOKUP(I4,'Gold Sink - Ingredient Cost'!$A:$N,13,0) -> 1.5 | V4: =VLOOKUP(J4,'Gold Sink - Ingredient Cost'!$A:$N,13,0) -> 132 | W4: =VLOOKUP(K4,'Gold Sink - Ingredient Cost'!$A:$N,13,0) -> 0 | X4: =VLOOKUP(L4,'Gold Sink - Ingredient Cost'!$A:$N,13,0) -> 0 | Y4: =VLOOKUP(M4,'Gold Sink - Ingredient Cost'!$A:$N,13,0) -> 0 | Z4: =T4*N4 -> 50 | AA4: =U4*O4 -> 6 | AB4: =V4*P4 -> 132 | AC4: =W4*Q4 -> 0 | AD4: =X4*R4 -> 0 | AE4: =Y4*S4 -> 0
A5: !!FOOD_RUSTYS_RUSTY_ON_RYE | B5: 9016 | C5: 0 | D5: 1 | E5: =D5*3600 -> 3600 | F5: =E5 -> 3600 | G5: =SUM(Z5:AE5) -> 190 | H5: 9004 | I5: 9009 | J5: 9010 | K5: 0 | L5: 0 | M5: 0 | N5: 3 | O5: 3 | P5: 2 | Q5: 0 | R5: 0 | S5: 0 | T5: =VLOOKUP(H5,'Gold Sink - Ingredient Cost'!$A:$N,13,0) -> 50 | U5: =VLOOKUP(I5,'Gold Sink - Ingredient Cost'!$A:$N,13,0) -> 8 | V5: =VLOOKUP(J5,'Gold Sink - Ingredient Cost'!$A:$N,13,0) -> 8 | W5: =VLOOKUP(K5,'Gold Sink - Ingredient Cost'!$A:$N,13,0) -> 0 | X5: =VLOOKUP(L5,'Gold Sink - Ingredient Cost'!$A:$N,13,0) -> 0 | Y5: =VLOOKUP(M5,'Gold Sink - Ingredient Cost'!$A:$N,13,0) -> 0 | Z5: =T5*N5 -> 150 | AA5: =U5*O5 -> 24 | AB5: =V5*P5 -> 16 | AC5: =W5*Q5 -> 0 | AD5: =X5*R5 -> 0 | AE5: =Y5*S5 -> 0
A6: !!FOOD_RUSTYS_BARK_CHOP_SANDWICH | B6: 9000 | C6: 0.08 | D6: 2 | E6: =D6*3600 -> 7200 | F6: =E6 -> 7200 | G6: =SUM(Z6:AE6) -> 151.5 | H6: 9004 | I6: 8 | J6: 0 | K6: 0 | L6: 0 | M6: 0 | N6: 3 | O6: 1 | P6: 0 | Q6: 0 | R6: 0 | S6: 0 | T6: =VLOOKUP(H6,'Gold Sink - Ingredient Cost'!$A:$N,13,0) -> 50 | U6: =VLOOKUP(I6,'Gold Sink - Ingredient Cost'!$A:$N,13,0) -> 1.5 | V6: =VLOOKUP(J6,'Gold Sink - Ingredient Cost'!$A:$N,13,0) -> 0 | W6: =VLOOKUP(K6,'Gold Sink - Ingredient Cost'!$A:$N,13,0) -> 0 | X6: =VLOOKUP(L6,'Gold Sink - Ingredient Cost'!$A:$N,13,0) -> 0 | Y6: =VLOOKUP(M6,'Gold Sink - Ingredient Cost'!$A:$N,13,0) -> 0 | Z6: =T6*N6 -> 150 | AA6: =U6*O6 -> 1.5 | AB6: =V6*P6 -> 0 | AC6: =W6*Q6 -> 0 | AD6: =X6*R6 -> 0 | AE6: =Y6*S6 -> 0
A7: !!FOOD_RUSTYS_MESQUITE_RIBS | B7: 9014 | C7: 0.08 | D7: 4 | E7: =D7*3600 -> 14400 | F7: =E7 -> 14400 | G7: =SUM(Z7:AE7) -> 132 | H7: 9004 | I7: 9007 | J7: 9011 | K7: 9002 | L7: 0 | M7: 0 | N7: 2 | O7: 1 | P7: 1 | Q7: 1 | R7: 0 | S7: 0 | T7: =VLOOKUP(H7,'Gold Sink - Ingredient Cost'!$A:$N,13,0) -> 50 | U7: =VLOOKUP(I7,'Gold Sink - Ingredient Cost'!$A:$N,13,0) -> 12 | V7: =VLOOKUP(J7,'Gold Sink - Ingredient Cost'!$A:$N,13,0) -> 8 | W7: =VLOOKUP(K7,'Gold Sink - Ingredient Cost'!$A:$N,13,0) -> 12 | X7: =VLOOKUP(L7,'Gold Sink - Ingredient Cost'!$A:$N,13,0) -> 0 | Y7: =VLOOKUP(M7,'Gold Sink - Ingredient Cost'!$A:$N,13,0) -> 0 | Z7: =T7*N7 -> 100 | AA7: =U7*O7 -> 12 | AB7: =V7*P7 -> 8 | AC7: =W7*Q7 -> 12 | AD7: =X7*R7 -> 0 | AE7: =Y7*S7 -> 0
A8: !!FOOD_RUSTYS_BARKING_BRISKET | B8: 9001 | C8: 0.15 | D8: 6 | E8: =D8*3600 -> 21600 | F8: =E8 -> 21600 | G8: =SUM(Z8:AE8) -> 120 | H8: 9004 | I8: 9007 | J8: 9011 | K8: 0 | L8: 0 | M8: 0 | N8: 2 | O8: 1 | P8: 1 | Q8: 0 | R8: 0 | S8: 0 | T8: =VLOOKUP(H8,'Gold Sink - Ingredient Cost'!$A:$N,13,0) -> 50 | U8: =VLOOKUP(I8,'Gold Sink - Ingredient Cost'!$A:$N,13,0) -> 12 | V8: =VLOOKUP(J8,'Gold Sink - Ingredient Cost'!$A:$N,13,0) -> 8 | W8: =VLOOKUP(K8,'Gold Sink - Ingredient Cost'!$A:$N,13,0) -> 0 | X8: =VLOOKUP(L8,'Gold Sink - Ingredient Cost'!$A:$N,13,0) -> 0 | Y8: =VLOOKUP(M8,'Gold Sink - Ingredient Cost'!$A:$N,13,0) -> 0 | Z8: =T8*N8 -> 100 | AA8: =U8*O8 -> 12 | AB8: =V8*P8 -> 8 | AC8: =W8*Q8 -> 0 | AD8: =X8*R8 -> 0 | AE8: =Y8*S8 -> 0
A9: !!FOOD_RUSTYS_SPLINTERED_SLAW | B9: 9018 | C9: 0.17 | D9: 8 | E9: =D9*3600 -> 28800 | F9: =E9 -> 28800 | G9: =SUM(Z9:AE9) -> 90 | H9: 9004 | I9: 9017 | J9: 0 | K9: 0 | L9: 0 | M9: 0 | N9: 1 | O9: 2 | P9: 0 | Q9: 0 | R9: 0 | S9: 0 | T9: =VLOOKUP(H9,'Gold Sink - Ingredient Cost'!$A:$N,13,0) -> 50 | U9: =VLOOKUP(I9,'Gold Sink - Ingredient Cost'!$A:$N,13,0) -> 20 | V9: =VLOOKUP(J9,'Gold Sink - Ingredient Cost'!$A:$N,13,0) -> 0 | W9: =VLOOKUP(K9,'Gold Sink - Ingredient Cost'!$A:$N,13,0) -> 0 | X9: =VLOOKUP(L9,'Gold Sink - Ingredient Cost'!$A:$N,13,0) -> 0 | Y9: =VLOOKUP(M9,'Gold Sink - Ingredient Cost'!$A:$N,13,0) -> 0 | Z9: =T9*N9 -> 50 | AA9: =U9*O9 -> 40 | AB9: =V9*P9 -> 0 | AC9: =W9*Q9 -> 0 | AD9: =X9*R9 -> 0 | AE9: =Y9*S9 -> 0
A10: !!FOOD_RUSTYS_PULLED_PULP_SANDWICH | B10: 9015 | C10: 0.19 | D10: 12 | E10: =D10*3600 -> 43200 | F10: =E10 -> 43200 | G10: =SUM(Z10:AE10) -> 62 | H10: 9004 | I10: 9002 | J10: 0 | K10: 0 | L10: 0 | M10: 0 | N10: 1 | O10: 1 | P10: 0 | Q10: 0 | R10: 0 | S10: 0 | T10: =VLOOKUP(H10,'Gold Sink - Ingredient Cost'!$A:$N,13,0) -> 50 | U10: =VLOOKUP(I10,'Gold Sink - Ingredient Cost'!$A:$N,13,0) -> 12 | V10: =VLOOKUP(J10,'Gold Sink - Ingredient Cost'!$A:$N,13,0) -> 0 | W10: =VLOOKUP(K10,'Gold Sink - Ingredient Cost'!$A:$N,13,0) -> 0 | X10: =VLOOKUP(L10,'Gold Sink - Ingredient Cost'!$A:$N,13,0) -> 0 | Y10: =VLOOKUP(M10,'Gold Sink - Ingredient Cost'!$A:$N,13,0) -> 0 | Z10: =T10*N10 -> 50 | AA10: =U10*O10 -> 12 | AB10: =V10*P10 -> 0 | AC10: =W10*Q10 -> 0 | AD10: =X10*R10 -> 0 | AE10: =Y10*S10 -> 0
A11: !!FOOD_EYEBALLS | B11: 9023 | C11: 0.25 | D11: 24 | E11: =D11*3600 -> 86400 | F11: =E11 -> 86400 | G11: =SUM(Z11:AE11) -> 50 | H11: 9021 | I11: 9022 | J11: 9006 | K11: 9007 | L11: 9009 | M11: 0 | N11: 4 | O11: 1 | P11: 1 | Q11: 1 | R11: 1 | S11: 0 | T11: =VLOOKUP(H11,'Gold Sink - Ingredient Cost'!$A:$N,13,0) -> 5 | U11: =VLOOKUP(I11,'Gold Sink - Ingredient Cost'!$A:$N,13,0) -> 5 | V11: =VLOOKUP(J11,'Gold Sink - Ingredient Cost'!$A:$N,13,0) -> 5 | W11: =VLOOKUP(K11,'Gold Sink - Ingredient Cost'!$A:$N,13,0) -> 12 | X11: =VLOOKUP(L11,'Gold Sink - Ingredient Cost'!$A:$N,13,0) -> 8 | Y11: =VLOOKUP(M11,'Gold Sink - Ingredient Cost'!$A:$N,13,0) -> 0 | Z11: =T11*N11 -> 20 | AA11: =U11*O11 -> 5 | AB11: =V11*P11 -> 5 | AC11: =W11*Q11 -> 12 | AD11: =X11*R11 -> 8 | AE11: =Y11*S11 -> 0
C12: =SUM(C2:C11) -> 1

Sheet Gold Sink - Ingredient Cost
A1: i:Recipe DID | B1: s:Name | C1: f:Cost Odds 1 | D1: f:Cost Odds 2 | E1: f:Cost Odds 3 | F1: f:Cost Odds 4 | G1: f:Cost Odds 5 | H1: i:Cost 1 | I1: i:Cost 2 | J1: i:Cost 3 | K1: i:Cost 4 | L1: i:Cost 5 | M1: proposed average price | N1: calculated average price | O1: number of uses
A2: 9005 | B2: !!INGREDIENT_MUSTARD_SEED | C2: 0.1 | D2: 0.25 | E2: 0.3 | F2: 0.25 | G2: 0.1 | H2: 20 | I2: 23 | J2: 25 | K2: 27 | L2: 30 | M2: 25 | N2: =C2*H2+D2*I2+E2*J2+F2*K2+G2*L2 -> 25 | O2: =COUNTIF('Gold Sink - Recipe Cost'!$H$2:$M$10,A2) -> 0
A3: 9003 | B3: !!INGREDIENT_DISTILLED_VINEGAR | C3: 0.1 | D3: 0.25 | E3: 0.3 | F3: 0.25 | G3: 0.1 | H3: 20 | I3: 23 | J3: 25 | K3: 27 | L3: 30 | M3: 25 | N3: =C3*H3+D3*I3+E3*J3+F3*K3+G3*L3 -> 25 | O3: =COUNTIF('Gold Sink - Recipe Cost'!$H$2:$M$10,A3) -> 0
A4: 9006 | B4: !!INGREDIENT_NATURAL_FLAVORS | C4: 0.1 | D4: 0.25 | E4: 0.3 | F4: 0.25 | G4: 0.1 | H4: 4 | I4: 5 | J4: 5 | K4: 5 | L4: 6 | M4: 5 | N4: =C4*H4+D4*I4+E4*J4+F4*K4+G4*L4 -> 5 | O4: =COUNTIF('Gold Sink - Recipe Cost'!$H$2:$M$10,A4) -> 0
A5: 9022 | B5: !!INGREDIENT_PAINT | C5: 0.1 | D5: 0.25 | E5: 0.3 | F5: 0.25 | G5: 0.1 | H5: 4 | I5: 5 | J5: 5 | K5: 5 | L5: 6 | M5: 5 | N5: =C5*H5+D5*I5+E5*J5+F5*K5+G5*L5 -> 5 | O5: =COUNTIF('Gold Sink - Recipe Cost'!$H$2:$M$10,A5) -> 0
A6: 9021 | B6: !!INGREDIENT_MARBLES | C6: 0.1 | D6: 0.25 | E6: 0.3 | F6: 0.25 | G6: 0.1 | H6: 4 | I6: 5 | J6: 5 | K6: 5 | L6: 6 | M6: 5 | N6: =C6*H6+D6*I6+E6*J6+F6*K6+G6*L6 -> 5 | O6: =COUNTIF('Gold Sink - Recipe Cost'!$H$2:$M$10,A6) -> 0
A7: 9011 | B7: !!INGREDIENT_TUMERIC | C7: 0.1 | D7: 0.25 | E7: 0.3 | F7: 0.25 | G7: 0.1 | H7: 6 | I7: 7 | J7: 8 | K7: 9 | L7: 10 | M7: 8 | N7: =C7*H7+D7*I7+E7*J7+F7*K7+G7*L7 -> 8 | O7: =COUNTIF('Gold Sink - Recipe Cost'!$H$2:$M$10,A7) -> 2
A8: 9009 | B8: !!INGREDIENT_SHELLAC | C8: 0.1 | D8: 0.25 | E8: 0.3 | F8: 0.25 | G8: 0.1 | H8: 6 | I8: 7 | J8: 8 | K8: 9 | L8: 10 | M8: 8 | N8: =C8*H8+D8*I8+E8*J8+F8*K8+G8*L8 -> 8 | O8: =COUNTIF('Gold Sink - Recipe Cost'!$H$2:$M$10,A8) -> 1
A9: 9010 | B9: !!INGREDIENT_SPACKLE | C9: 0.1 | D9: 0.25 | E9: 0.3 | F9: 0.25 | G9: 0.1 | H9: 6 | I9: 7 | J9: 8 | K9: 9 | L9: 10 | M9: 8 | N9: =C9*H9+D9*I9+E9*J9+F9*K9+G9*L9 -> 8 | O9: =COUNTIF('Gold Sink - Recipe Cost'!$H$2:$M$10,A9) -> 2
A10: 9007 | B10: !!INGREDIENT_PAPRIKA | C10: 0.1 | D10: 0.25 | E10: 0.3 | F10: 0.25 | G10: 0.1 | H10: 10 | I10: 11 | J10: 12 | K10: 13 | L10: 14 | M10: 12 | N10: =C10*H10+D10*I10+E10*J10+F10*K10+G10*L10 -> 12 | O10: =COUNTIF('Gold Sink - Recipe Cost'!$H$2:$M$10,A10) -> 2
A11: 9002 | B11: !!INGREDIENT_BBQ_SAUCE | C11: 0.1 | D11: 0.25 | E11: 0.3 | F11: 0.25 | G11: 0.1 | H11: 10 | I11: 11 | J11: 12 | K11: 13 | L11: 14 | M11: 12 | N11: =C11*H11+D11*I11+E11*J11+F11*K11+G11*L11 -> 12 | O11: =COUNTIF('Gold Sink - Recipe Cost'!$H$2:$M$10,A11) -> 3
A12: 9004 | B12: !!INGREDIENT_DRIFTWOOD | C12: 0.1 | D12: 0.25 | E12: 0.3 | F12: 0.25 | G12: 0.1 | H12: 40 | I12: 45 | J12: 50 | K12: 55 | L12: 60 | M12: 50 | N12: =C12*H12+D12*I12+E12*J12+F12*K12+G12*L12 -> 50 | O12: =COUNTIF('Gold Sink - Recipe Cost'!$H$2:$M$10,A12) -> 8
A13: 0
A14: 9017 | B14: spicy spackle sauce | M14: ='Gold Sink - Recipe Cost'!G2 -> 20
A15: 8 | B15: lettuce | M15: 1.5
A16: 9014 | B16: mesquite ribs | M16: ='Gold Sink - Recipe Cost'!G7 -> 132
